City_ID,City,Lat,Lng,Max Temp F,Humidity,Cloudiness,Wind Speed,Country,Date
0,georgetown,5.4112,100.3354,78.94399999999999,92,20,1.03,MY,2023-09-13 23:33:56
1,debre birhan,9.6833,39.5333,51.656,78,95,0.48,ET,2023-09-13 23:41:06
2,port-aux-francais,-49.35,70.2167,35.15,74,62,15.88,TF,2023-09-13 23:41:07
3,badovinci,44.7858,19.3714,73.31,35,100,1.22,RS,2023-09-13 23:41:07
4,grytviken,-54.2811,-36.5092,13.747999999999998,72,39,3.0,GS,2023-09-13 23:41:07
5,adamstown,-25.066,-130.1015,63.64399999999999,62,5,6.17,PN,2023-09-13 23:41:08
6,al lagowa,11.4,29.1333,76.226,65,26,1.3,SD,2023-09-13 23:41:08
7,puerto natales,-51.7236,-72.4875,34.664,99,100,0.41,CL,2023-09-13 23:41:08
8,port elizabeth,-33.918,25.5701,59.95399999999999,67,26,12.09,ZA,2023-09-13 23:41:09
9,badger,64.8,-147.5333,58.982,54,0,1.54,US,2023-09-13 23:41:09
10,duck lake,52.8168,-106.2344,74.588,32,87,3.23,CA,2023-09-13 23:41:09
11,waitangi,-43.9535,-176.5597,56.822,78,72,3.58,NZ,2023-09-13 23:41:10
12,thompson,55.7435,-97.8558,66.362,68,75,3.6,CA,2023-09-13 23:41:10
13,talnakh,69.4865,88.3972,51.206,98,100,6.18,RU,2023-09-13 23:41:10
14,papatowai,-46.5619,169.4708,52.502,77,66,6.43,NZ,2023-09-13 23:41:11
15,talca,-35.4333,-71.6667,50.9,73,100,0.39,CL,2023-09-13 23:41:11
16,jamestown,42.097,-79.2353,62.186,77,20,3.09,US,2023-09-13 23:36:30
17,longyearbyen,78.2186,15.6401,37.238,70,40,9.26,SJ,2023-09-13 23:31:25
18,vilyuchinsk,52.9306,158.4028,70.07,88,100,3.07,RU,2023-09-13 23:41:12
19,edinburgh of the seven seas,-37.0676,-12.3116,59.036,87,92,18.38,SH,2023-09-13 23:41:12
20,bredasdorp,-34.5322,20.0403,51.89,72,25,6.17,ZA,2023-09-13 23:41:13
21,qaqortoq,60.7167,-46.0333,40.622,70,12,1.72,GL,2023-09-13 23:38:44
22,touros,-5.1989,-35.4608,76.946,83,16,6.94,BR,2023-09-13 23:41:13
23,port saint john's,-31.6229,29.5448,62.528000000000006,67,0,5.62,ZA,2023-09-13 23:41:14
24,saint-benoit,-21.038,55.7194,69.872,82,91,3.48,RE,2023-09-13 23:41:14
25,hamilton,39.1834,-84.5333,74.246,51,20,2.57,US,2023-09-13 23:40:31
26,blackmans bay,-43.0167,147.3167,59.738,78,96,1.63,AU,2023-09-13 23:41:15
27,nikolayevsk-on-amure,53.1406,140.73,55.832,47,0,5.36,RU,2023-09-13 23:41:15
28,invercargill,-46.4,168.35,53.024,88,80,1.79,NZ,2023-09-13 23:40:21
29,uturoa,-16.7333,-151.4333,77.36,79,60,9.67,PF,2023-09-13 23:41:16
30,aykhal,66.0,111.5,32.558,79,20,2.05,RU,2023-09-13 23:41:16
31,quiberon,47.4841,-3.1196,58.604,91,21,5.28,FR,2023-09-13 23:41:17
32,bilibino,68.0546,166.4372,44.456,56,80,2.76,RU,2023-09-13 23:31:25
33,cabo san lucas,22.8909,-109.9124,95.612,66,20,5.14,MX,2023-09-13 23:34:09
34,whitehorse,60.7161,-135.0538,59.774,33,75,5.66,CA,2023-09-13 23:40:01
35,puerto gaitan,4.3133,-72.0816,83.156,67,21,1.27,CO,2023-09-13 23:38:06
36,queenstown,-31.8976,26.8753,62.96,35,0,8.98,ZA,2023-09-13 23:41:18
37,wenling,28.3669,121.36,77.126,86,100,1.63,CN,2023-09-13 23:41:18
38,olonkinbyen,70.9221,-8.7187,39.74,78,22,5.67,SJ,2023-09-13 23:41:19
39,mount isa,-20.7333,139.5,74.96600000000001,29,39,4.63,AU,2023-09-13 23:41:19
40,ola,59.5833,151.2833,44.15,92,98,5.77,RU,2023-09-13 23:41:19
41,lycksele,64.5954,18.6735,36.428,93,5,2.06,SE,2023-09-13 23:41:20
42,ribeira grande,38.5167,-28.7,74.768,96,61,2.68,PT,2023-09-13 23:41:20
43,lebu,-37.6167,-73.65,51.008,95,100,11.0,CL,2023-09-13 23:41:20
44,weno,7.4515,151.8468,84.146,94,75,3.6,FM,2023-09-13 23:41:21
45,margaret river,-33.95,115.0667,58.478,66,99,9.88,AU,2023-09-13 23:41:21
46,stanley,54.868,-1.6985,55.706,85,75,3.09,GB,2023-09-13 23:41:21
47,arraial do cabo,-22.9661,-42.0278,71.726,87,0,12.66,BR,2023-09-13 23:41:21
48,iqaluit,63.7506,-68.5145,37.13,64,75,10.29,CA,2023-09-13 23:41:22
49,twon-brass,4.3151,6.2418,76.352,91,61,2.2,NG,2023-09-13 23:41:22
50,klyuchi,52.2667,79.1667,53.528000000000006,92,97,3.2,RU,2023-09-13 23:41:22
51,mar del plata,-38.0023,-57.5575,52.088,83,0,4.02,AR,2023-09-13 23:40:53
52,port alfred,-33.5906,26.891,69.836,44,46,5.73,ZA,2023-09-13 23:41:23
53,kununurra,-15.7667,128.7333,76.982,29,0,2.57,AU,2023-09-13 23:40:17
54,nantucket,41.2835,-70.0995,73.544,100,100,2.57,US,2023-09-13 23:41:24
55,ushuaia,-54.8,-68.3,40.658,45,20,1.03,AR,2023-09-13 23:37:17
56,hawaiian paradise park,19.5933,-154.9731,84.902,73,18,1.34,US,2023-09-13 23:41:24
57,avarua,-21.2078,-159.775,77.054,61,100,5.66,CK,2023-09-13 23:41:25
58,hasaki,35.7333,140.8333,82.292,76,19,2.39,JP,2023-09-13 23:41:25
59,okhotsk,59.3833,143.3,46.976,75,85,3.84,RU,2023-09-13 23:41:26
60,vadso,70.0744,29.7487,40.082,81,38,4.63,NO,2023-09-13 23:41:26
61,carbonear,47.7332,-53.2148,61.43,94,62,2.67,CA,2023-09-13 23:41:26
62,altamont,42.2068,-121.7372,79.79,34,0,3.6,US,2023-09-13 23:41:27
63,buckingham,51.9997,-0.9878,58.028000000000006,93,87,2.27,GB,2023-09-13 23:41:27
64,al muwayh,22.4333,41.7583,85.046,14,87,4.19,SA,2023-09-13 23:41:28
65,kingston,17.997,-76.7936,86.954,74,40,2.57,JM,2023-09-13 23:32:03
66,huilong,31.8111,121.655,77.936,90,100,5.14,CN,2023-09-13 23:41:28
67,morrope,-6.5417,-80.0111,71.708,84,85,7.3,PE,2023-09-13 23:41:29
68,gadzhiyevo,69.2551,33.3362,44.114,81,90,3.68,RU,2023-09-13 23:41:29
69,aleg,17.0481,-13.9209,92.102,44,6,7.8,MR,2023-09-13 23:41:29
70,uchiza,-8.4592,-76.4633,75.992,80,68,0.8,PE,2023-09-13 23:41:30
71,qarauyl,48.9451,79.255,50.558,73,52,6.4,KZ,2023-09-13 23:41:30
72,griffith,41.5284,-87.4237,64.886,64,0,3.6,US,2023-09-13 23:41:30
73,axim,4.8699,-2.2405,75.452,93,99,3.95,GH,2023-09-13 23:41:31
74,bathurst,-33.4166,149.5806,66.578,42,8,0.47,AU,2023-09-13 23:40:07
75,polyarnyy,69.1989,33.4478,42.692,88,100,5.16,RU,2023-09-13 23:41:31
76,port hope,43.9408,-82.7127,63.212,67,28,1.54,US,2023-09-13 23:41:32
77,gebeit,21.0667,36.3167,80.294,43,65,2.54,SD,2023-09-13 23:41:32
78,conception bay south,47.4999,-52.9981,60.746,96,56,2.35,CA,2023-09-13 23:41:32
79,wailua homesteads,22.0669,-159.378,82.832,76,100,4.12,US,2023-09-13 23:41:33
80,lompoc,34.6391,-120.4579,81.014,76,75,8.49,US,2023-09-13 23:41:33
81,tongouson,5.0214,120.1328,76.19,89,100,2.96,PH,2023-09-13 23:41:33
82,masterton,-40.9597,175.6575,55.886,53,16,6.83,NZ,2023-09-13 23:41:34
83,safford,32.834,-109.7076,73.742,69,0,2.06,US,2023-09-13 23:41:34
84,isafjordur,66.0755,-23.124,48.758,52,65,2.12,IS,2023-09-13 23:41:34
85,atafu village,-8.5421,-172.5159,83.426,76,9,7.13,TK,2023-09-13 23:41:35
86,bamboo flat,11.7,92.7167,78.89,89,100,6.69,IN,2023-09-13 23:41:35
87,east london,-33.0153,27.9116,67.244,44,28,4.91,ZA,2023-09-13 23:41:35
88,pimenta bueno,-11.6725,-61.1936,88.01599999999999,39,54,0.93,BR,2023-09-13 23:41:36
89,hithadhoo,-0.6,73.0833,82.4,77,97,6.51,MV,2023-09-13 23:41:36
90,ilulissat,69.2167,-51.1,44.618,65,100,8.75,GL,2023-09-13 23:31:44
91,starodub,52.5844,32.7633,50.018,63,1,3.71,RU,2023-09-13 23:41:36
92,port mathurin,-19.6833,63.4167,72.14,72,90,5.83,MU,2023-09-13 23:41:37
93,ambodifotatra,-16.9833,49.85,73.472,84,68,6.56,MG,2023-09-13 23:41:37
94,alofi,-19.0595,-169.9187,80.492,61,40,6.17,NU,2023-09-13 23:41:37
95,saint joseph,39.7686,-94.8466,79.55600000000001,38,40,2.68,US,2023-09-13 23:40:53
96,bethel,41.3712,-73.414,72.752,83,20,0.0,US,2023-09-13 23:41:09
97,west island,-12.1568,96.8225,76.982,83,40,5.66,CC,2023-09-13 23:41:38
98,six-fours-les-plages,43.0938,5.84,71.456,75,4,4.49,FR,2023-09-13 23:41:38
99,yellowknife,62.456,-114.3525,64.418,69,100,3.6,CA,2023-09-13 23:41:39
100,matoury,4.8483,-52.3317,80.564,83,0,1.54,GF,2023-09-13 23:41:39
101,brookings,44.3114,-96.7984,77.342,39,0,5.14,US,2023-09-13 23:41:40
102,sinabang,2.4803,96.3801,79.03399999999999,86,100,3.63,ID,2023-09-13 23:41:40
103,villa regina,-39.1,-67.0667,58.982,15,100,1.79,AR,2023-09-13 23:41:40
104,dudinka,69.4058,86.1778,51.620000000000005,91,100,9.05,RU,2023-09-13 23:41:41
105,selkirk,50.1436,-96.8845,69.94399999999999,48,71,2.24,CA,2023-09-13 23:41:41
106,el rosario,24.2556,-107.1828,89.708,65,77,3.55,MX,2023-09-13 23:41:41
107,punta arenas,-53.15,-70.9167,39.308,75,40,4.12,CL,2023-09-13 23:41:42
108,enewetak,11.3474,162.3373,84.146,77,75,7.76,MH,2023-09-13 23:41:42
109,nar'yan-mar,67.6713,53.087,57.902,86,90,8.98,RU,2023-09-13 23:41:42
110,kailua-kona,19.6406,-155.9956,87.764,70,40,5.14,US,2023-09-13 23:41:43
111,sucre,-19.0333,-65.2627,61.97,36,32,2.26,BO,2023-09-13 23:41:43
112,usakos,-22.0,15.6,64.814,20,0,1.42,,2023-09-13 23:41:43
113,belozersk,60.0326,37.7957,53.078,78,85,4.88,RU,2023-09-13 23:41:44
114,geraldton,-28.7667,114.6,55.814,88,75,0.51,AU,2023-09-13 23:41:44
115,kasempa,-13.4584,25.8338,62.906000000000006,69,0,2.64,ZM,2023-09-13 23:41:44
116,arkalyk,50.2486,66.9114,53.69,64,57,1.37,KZ,2023-09-13 23:41:45
117,lazaro cardenas,17.9583,-102.2,86.288,75,6,4.56,MX,2023-09-13 23:41:45
118,porto novo,6.4965,2.6036,75.938,91,85,2.22,BJ,2023-09-13 23:41:45
119,baiquan,47.5833,126.0833,59.540000000000006,62,20,4.55,CN,2023-09-13 23:41:46
120,villa gesell,-37.2639,-56.973,48.056,69,0,3.52,AR,2023-09-13 23:41:46
121,college,64.8569,-147.8028,59.072,58,75,1.54,US,2023-09-13 23:41:46
122,prattville,32.464,-86.4597,87.314,59,75,3.6,US,2023-09-13 23:41:47
123,ust-nera,64.5667,143.2,39.992,93,100,1.51,RU,2023-09-13 23:41:47
124,buka,40.8108,69.1986,56.552,41,0,1.87,UZ,2023-09-13 23:41:47
125,aasiaat,68.7098,-52.8699,41.234,68,100,8.24,GL,2023-09-13 23:41:47
126,severnoye,56.3491,78.3619,43.808,91,14,2.2,RU,2023-09-13 23:41:48
127,santa ana,33.7456,-117.8678,86.486,61,20,4.63,US,2023-09-13 23:41:14
128,changli,39.7042,119.1506,68.36,62,0,1.45,CN,2023-09-13 23:41:49
129,tefe,-3.3542,-64.7114,84.30799999999999,70,20,1.54,BR,2023-09-13 23:41:49
130,lubango,-14.9172,13.4925,62.456,31,47,2.57,AO,2023-09-13 23:41:49
131,praia da vitoria,38.7333,-27.0667,75.452,83,20,2.91,PT,2023-09-13 23:41:50
132,albany,42.6001,-73.9662,66.362,90,74,3.79,US,2023-09-13 23:36:32
133,vorkuta,67.5,64.0,47.408,85,82,5.97,RU,2023-09-13 23:41:50
134,brisas barra de suchiate,14.55,-92.2167,89.78,82,56,3.79,MX,2023-09-13 23:41:51
135,zouerate,22.7187,-12.4521,86.702,25,58,7.77,MR,2023-09-13 23:41:51
136,khorinsk,52.1657,109.7726,48.866,58,86,0.76,RU,2023-09-13 23:41:51
137,beykonak,36.3257,30.303,79.376,34,0,2.97,TR,2023-09-13 23:41:52
138,kapa'a,22.0752,-159.319,84.18199999999999,76,100,4.12,US,2023-09-13 23:41:52
139,holualoa,19.6228,-155.9522,84.038,71,40,5.14,US,2023-09-13 23:41:53
140,undurkhaan,47.3194,110.6556,55.814,41,100,5.96,MN,2023-09-13 23:41:53
141,owando,-0.4819,15.8999,74.426,85,72,1.33,CG,2023-09-13 23:41:53
142,luza,60.6308,47.2512,48.524,93,6,2.02,RU,2023-09-13 23:41:54
143,jabor,5.921,169.6434,84.668,68,42,4.73,MH,2023-09-13 23:41:54
144,richards bay,-28.783,32.0377,62.690000000000005,68,0,8.19,ZA,2023-09-13 23:41:54
145,calama,-22.4667,-68.9333,63.086,3,0,4.63,CL,2023-09-13 23:41:55
146,minas de marcona,-15.2119,-75.1103,54.032,86,76,7.62,PE,2023-09-13 23:41:55
147,tura,25.5198,90.2201,73.652,93,94,1.38,IN,2023-09-13 23:41:55
148,gereida,11.2811,25.1414,80.366,66,4,2.76,SD,2023-09-13 23:41:56
149,tamandare,-8.7597,-35.1047,72.30199999999999,95,4,2.19,BR,2023-09-13 23:41:56
150,udachny,66.4167,112.4,30.452,92,11,2.17,RU,2023-09-13 23:41:56
151,toliara,-23.35,43.6667,69.998,74,0,7.32,MG,2023-09-13 23:41:56
152,la ronge,55.1001,-105.2842,73.652,40,75,3.09,CA,2023-09-13 23:41:57
153,jajpur,20.85,86.3333,79.646,89,100,5.02,IN,2023-09-13 23:41:57
154,amga,60.8953,131.9608,48.074,68,95,3.23,RU,2023-09-13 23:41:57
155,nadym,65.5333,72.5167,50.36,73,2,5.65,RU,2023-09-13 23:41:58
156,sukhobezvodnoye,57.0491,44.8891,54.572,70,72,0.63,RU,2023-09-13 23:41:58
157,norwich,52.6278,1.2983,56.21,88,100,1.03,GB,2023-09-13 23:41:58
158,constantia,44.1833,28.65,65.084,71,15,6.02,RO,2023-09-13 23:41:59
159,keflavik,64.0049,-22.5624,46.832,87,75,4.12,IS,2023-09-13 23:41:59
160,ormara,25.2088,64.6357,80.258,77,100,4.45,PK,2023-09-13 23:42:00
161,wellington,-41.2866,174.7756,58.658,66,22,8.23,NZ,2023-09-13 23:41:46
162,bonthe,7.5264,-12.505,76.91,91,100,0.99,SL,2023-09-13 23:42:00
163,utrik,11.2278,169.8474,83.696,76,19,6.11,MH,2023-09-13 23:42:01
164,veseloyarsk,51.2836,81.1056,48.254,91,40,3.52,RU,2023-09-13 23:42:01
165,malango,-2.9627,119.9001,78.782,58,93,1.42,ID,2023-09-13 23:42:01
166,bodaybo,57.8506,114.1933,44.204,81,67,2.26,RU,2023-09-13 23:42:02
167,usinsk,65.9939,57.5281,48.038,90,19,7.09,RU,2023-09-13 23:42:02
168,hotan,37.0997,79.9269,70.286,23,0,2.72,CN,2023-09-13 23:42:03
169,kodiak,57.79,-152.4072,53.114,71,40,4.12,US,2023-09-13 23:42:03
170,enniskillen,54.3461,-7.6413,53.906,90,99,3.47,GB,2023-09-13 23:42:04
171,betio village,1.358,172.9211,87.836,73,56,3.62,KI,2023-09-13 23:42:04
172,wynyard,-41.0,145.7167,62.618,56,100,0.94,AU,2023-09-13 23:42:04
173,tiksi,71.6872,128.8694,41.432,85,98,0.28,RU,2023-09-13 23:42:05
174,acarau,-2.8856,-40.12,78.818,83,7,7.48,BR,2023-09-13 23:42:05
175,tambopata,-12.7333,-69.1833,76.892,88,0,0.0,PE,2023-09-13 23:42:06
176,realeza,-25.7689,-53.5325,52.376,96,100,2.64,BR,2023-09-13 23:42:06
177,vila velha,-20.3297,-40.2925,75.146,88,20,6.26,BR,2023-09-13 23:41:40
178,prishibinskoye,39.1196,48.5936,64.184,83,74,1.81,AZ,2023-09-13 23:42:06
179,kargasok,59.0556,80.8572,47.984,92,20,2.01,RU,2023-09-13 23:42:07
180,vuktyl,63.8567,57.3094,47.75,95,42,3.04,RU,2023-09-13 23:42:07
181,sao joao da ponte,-15.9292,-44.0078,78.368,32,0,2.13,BR,2023-09-13 23:42:07
182,hermanus,-34.4187,19.2345,57.794,83,52,5.92,ZA,2023-09-13 23:42:08
183,yelizovo,53.1873,158.3805,69.94399999999999,68,75,2.0,RU,2023-09-13 23:42:08
184,makurdi,7.7411,8.5121,74.498,94,43,2.57,NG,2023-09-13 23:42:08
185,carnarvon,-24.8667,113.6333,67.69399999999999,64,45,3.26,AU,2023-09-13 23:42:09
186,bubaque,11.2833,-15.8333,82.202,84,95,5.28,GW,2023-09-13 23:42:09
187,ceeldheer,3.8488,47.1806,75.27199999999999,88,24,7.73,SO,2023-09-13 23:42:09
188,siluko,6.5386,5.1609,73.364,99,93,0.58,NG,2023-09-13 23:42:10
189,la passe,45.5549,-0.8967,62.978,83,0,1.86,FR,2023-09-13 23:42:10
190,ust'-uda,54.1742,103.0304,50.216,80,83,1.32,RU,2023-09-13 23:42:10
191,petropavlovsk-kamchatsky,53.0452,158.6483,68.594,68,75,2.0,RU,2023-09-13 23:42:11
192,corn island,12.1694,-83.0418,84.128,76,7,3.89,NI,2023-09-13 23:42:11
193,neyshabur,36.2133,58.7958,66.488,30,0,0.5,IR,2023-09-13 23:42:11
194,susuman,62.7833,148.1667,37.85,98,100,3.45,RU,2023-09-13 23:42:12
195,partenit,44.578,34.3446,59.540000000000006,75,1,0.55,UA,2023-09-13 23:42:12
196,laguna,38.421,-121.4238,96.548,29,0,3.09,US,2023-09-13 23:42:12
197,puerto ayora,-0.7393,-90.3518,75.542,95,88,2.68,EC,2023-09-13 23:42:13
198,dalbandin,28.8947,64.4101,82.814,13,1,1.33,PK,2023-09-13 23:42:13
199,saint-joseph,-21.3667,55.6167,66.578,89,39,1.64,RE,2023-09-13 23:42:13
200,karratha,-20.7377,116.8463,72.536,47,2,3.67,AU,2023-09-13 23:42:14
201,kapuskasing,49.4169,-82.4331,57.29,62,75,2.06,CA,2023-09-13 23:42:14
202,barabai,-2.5833,115.3833,78.53,59,96,0.08,ID,2023-09-13 23:42:14
203,dolinsk,47.35,142.8,64.112,55,100,0.7,RU,2023-09-13 23:42:15
204,san patricio,28.017,-97.5169,96.548,50,19,6.02,US,2023-09-13 23:42:15
205,caohe,30.2297,115.4335,72.914,86,99,0.9,CN,2023-09-13 23:42:15
206,key west,24.5557,-81.7826,89.6,68,0,2.57,US,2023-09-13 23:42:16
207,tuxpan,19.55,-103.4,76.55,88,82,1.45,MX,2023-09-13 23:42:16
208,mwinilunga,-11.7358,24.4293,67.208,59,72,3.65,ZM,2023-09-13 23:42:16
209,trincomalee,8.5711,81.2335,80.96,73,100,9.21,LK,2023-09-13 23:42:17
210,banda aceh,5.5577,95.3222,82.364,80,91,5.45,ID,2023-09-13 23:42:17
211,hadibu,12.65,54.0333,80.924,76,42,9.28,YE,2023-09-13 23:42:17
212,roscommon,53.6333,-8.1833,54.122,95,100,3.98,IE,2023-09-13 23:42:18
213,brisas de zicatela,15.8369,-97.0419,86.522,54,75,0.0,MX,2023-09-13 23:42:18
214,coracao de jesus,-16.6853,-44.365,75.884,34,0,2.29,BR,2023-09-13 23:42:19
215,broome,42.2506,-75.833,64.652,86,33,2.82,US,2023-09-13 23:42:19
216,kandhkot,28.244,69.1824,81.86,66,7,1.38,PK,2023-09-13 23:42:19
217,thinadhoo,0.5333,72.9333,82.67,78,82,6.22,MV,2023-09-13 23:42:20
218,chibougamau,49.9168,-74.3659,62.222,67,0,4.12,CA,2023-09-13 23:42:20
219,kisangani,0.5167,25.2,72.104,97,86,2.1,CD,2023-09-13 23:42:20
220,saint-philippe,-21.3585,55.7679,67.586,83,51,3.84,RE,2023-09-13 23:42:21
221,bel ombre,-4.6167,55.4167,80.438,78,40,7.2,SC,2023-09-13 23:42:21
222,new norfolk,-42.7826,147.0587,60.926,56,96,1.25,AU,2023-09-13 23:42:21
223,menongue,-14.6585,17.691,61.916,32,10,1.93,AO,2023-09-13 23:42:22
224,gaziantep,37.0594,37.3825,62.528000000000006,25,0,1.54,TR,2023-09-13 23:42:22
225,khorixas,-20.3667,14.9667,64.634,23,0,1.2,,2023-09-13 23:42:22
226,muromtsevo,56.3724,75.2418,50.648,80,88,2.61,RU,2023-09-13 23:42:23
227,coquimbo,-29.9533,-71.3436,60.53,72,0,5.14,CL,2023-09-13 23:42:23
228,coahuayana de hidalgo,18.7,-103.6583,84.578,83,55,2.3,MX,2023-09-13 23:42:23
229,ylitornio,66.3089,23.6773,39.974,96,17,2.41,FI,2023-09-13 23:42:24
230,katsuura,35.1333,140.3,80.94200000000001,81,23,2.71,JP,2023-09-13 23:42:24
231,talas,38.6908,35.5538,48.866,71,0,2.57,TR,2023-09-13 23:42:24
232,acapulco de juarez,16.8634,-99.8901,89.41999999999999,70,20,5.66,MX,2023-09-13 23:42:25
233,sao joao da barra,-21.6403,-41.0511,75.29,84,4,13.36,BR,2023-09-13 23:40:50
234,rye,40.9807,-73.6837,78.71,87,40,0.0,US,2023-09-13 23:38:25
235,happy valley-goose bay,53.3168,-60.3315,57.506,72,75,1.54,CA,2023-09-13 23:42:26
236,muscat,23.6139,58.5922,87.81800000000001,57,5,0.92,OM,2023-09-13 23:39:09
237,ancud,-41.8697,-73.8203,50.396,93,100,18.47,CL,2023-09-13 23:42:26
238,inhambane,-23.865,35.3833,63.248000000000005,73,0,2.12,MZ,2023-09-13 23:42:26
239,el eulma,36.1528,5.6902,65.012,60,84,1.38,DZ,2023-09-13 23:42:27
240,rongelap,11.1635,166.8941,83.19200000000001,78,21,6.28,MH,2023-09-13 23:42:27
241,novosilikatnyy,53.3097,83.6239,55.976,76,40,2.0,RU,2023-09-13 23:42:28
242,labytnangi,66.6572,66.4183,48.488,83,2,4.15,RU,2023-09-13 23:42:28
243,valdivia,-39.8142,-73.2459,50.09,97,100,3.73,CL,2023-09-13 23:42:28
244,sitka,57.0531,-135.33,55.292,76,100,3.6,US,2023-09-13 23:42:29
245,selibaby,15.159,-12.1829,89.474,53,28,5.22,MR,2023-09-13 23:42:29
246,fale old settlement,-9.3852,-171.2468,83.40799999999999,75,3,6.45,TK,2023-09-13 23:42:29
247,iskateley,67.6803,53.1512,57.794,86,90,8.98,RU,2023-09-13 23:42:29
248,marsabit,2.3284,37.9899,62.852,67,16,9.49,KE,2023-09-13 23:42:30
249,mgandu,-5.95,34.1333,62.762,68,1,6.01,TZ,2023-09-13 23:42:30
250,anadyr,64.75,177.4833,45.104,87,75,3.0,RU,2023-09-13 23:42:30
251,port macquarie,-31.4333,152.9167,69.89,39,3,1.77,AU,2023-09-13 23:36:23
252,mokhsogollokh,61.4681,128.9203,45.878,74,100,2.65,RU,2023-09-13 23:42:31
253,nogliki,51.8333,143.1667,59.324,52,0,6.2,RU,2023-09-13 23:42:32
254,nemuro,43.3236,145.575,62.618,98,100,4.82,JP,2023-09-13 23:42:32
255,chonchi,-42.6128,-73.8092,50.126,97,100,6.84,CL,2023-09-13 23:42:32
256,san antonio de pale,-1.4014,5.6325,74.624,82,61,4.44,GQ,2023-09-13 23:42:33
257,port douglas,-16.4833,145.4667,74.96600000000001,58,85,5.4,AU,2023-09-13 23:42:33
258,natal,-5.795,-35.2094,75.848,94,75,5.66,BR,2023-09-13 23:41:02
259,nuku'alofa,-21.1333,-175.2,79.142,73,75,6.17,TO,2023-09-13 23:42:34
260,morondava,-20.2833,44.2833,72.176,80,0,4.43,MG,2023-09-13 23:42:34
261,jinchang,38.4953,102.1739,76.406,29,66,2.29,CN,2023-09-13 23:42:34
262,luanda,-8.8368,13.2343,73.4,78,40,2.06,AO,2023-09-13 23:42:34
263,port lincoln,-34.7333,135.8667,71.114,31,100,11.76,AU,2023-09-13 23:42:35
264,talara,-4.5772,-81.2719,74.156,73,0,9.59,PE,2023-09-13 23:42:35
265,kish,26.5578,54.0194,89.86999999999999,84,41,3.09,IR,2023-09-13 23:42:36
266,vytegra,61.0064,36.4481,58.64,79,39,9.49,RU,2023-09-13 23:42:36
267,turpan,42.9333,89.1667,76.208,34,76,2.3,CN,2023-09-13 23:42:36
268,amalapuram,16.5833,82.0167,76.37,87,100,3.29,IN,2023-09-13 23:42:36
269,maryville,35.7565,-83.9705,78.746,66,75,0.45,US,2023-09-13 23:38:17
270,roma,43.2128,-75.4557,61.718,80,20,5.14,US,2023-09-13 23:42:37
271,narvik,68.4384,17.4272,44.384,87,98,1.14,NO,2023-09-13 23:42:37
272,thunder bay,48.4001,-89.3168,57.182,71,20,3.6,CA,2023-09-13 23:42:38
273,imbituba,-28.24,-48.6703,74.858,95,100,2.36,BR,2023-09-13 23:42:38
274,el nido,11.1858,119.3956,83.156,76,98,5.9,PH,2023-09-13 23:42:38
275,lihue,21.9789,-159.3672,83.44399999999999,77,100,4.12,US,2023-09-13 23:42:39
276,namibe,-15.1961,12.1522,61.016000000000005,80,78,2.82,AO,2023-09-13 23:42:39
277,san jose del guaviare,2.5729,-72.6459,81.896,75,96,1.97,CO,2023-09-13 23:42:39
278,sinop,41.7711,34.8709,59.756,48,0,2.71,TR,2023-09-13 23:42:40
279,remire-montjoly,4.9167,-52.2667,80.636,83,0,1.54,GF,2023-09-13 23:42:40
280,mount pearl,47.5166,-52.7813,60.152,96,100,3.09,CA,2023-09-13 23:42:40
281,sao felix do xingu,-6.6447,-51.995,79.97,36,6,1.48,BR,2023-09-13 23:40:42
282,zapolyarnyy,69.4154,30.8136,38.48,92,73,2.16,RU,2023-09-13 23:42:41
283,antofagasta,-23.65,-70.4,60.08,85,18,7.57,CL,2023-09-13 23:42:07
284,luderitz,-26.6481,15.1594,53.222,91,0,8.79,,2023-09-13 23:42:42
285,mirny,62.5353,113.9611,33.242,93,99,5.81,RU,2023-09-13 23:42:42
286,thanh hoa,19.8,105.7667,74.66,88,100,1.57,VN,2023-09-13 23:42:42
287,iguape,-24.7081,-47.5553,73.346,77,78,1.79,BR,2023-09-13 23:40:26
288,saint-pierre,-21.3393,55.4781,67.676,68,0,3.09,RE,2023-09-13 23:42:43
289,kavieng,-2.5744,150.7967,81.608,78,81,4.32,PG,2023-09-13 23:42:43
290,balqash,46.8481,74.995,50.684,71,21,3.58,KZ,2023-09-13 23:42:44
291,annaba,36.9,7.7667,75.164,94,40,1.54,DZ,2023-09-13 23:42:44
292,majie,25.0333,102.6361,57.182,94,40,2.0,CN,2023-09-13 23:42:44
293,nadi,-17.8,177.4167,84.2,61,40,4.63,FJ,2023-09-13 23:42:45
294,alta,69.9689,23.2717,40.262,75,20,2.57,NO,2023-09-13 23:40:49
295,zagora,30.3484,-5.8365,82.472,29,25,2.19,MA,2023-09-13 23:42:45
296,taroa,8.7058,171.2275,83.94800000000001,75,97,5.34,MH,2023-09-13 23:42:45
297,walvis bay,-22.9575,14.5053,55.094,87,0,3.09,,2023-09-13 23:42:46
298,camana,-16.6228,-72.7111,64.364,84,48,3.31,PE,2023-09-13 23:42:47
299,camapua,-19.5314,-54.0439,72.248,78,100,5.92,BR,2023-09-13 23:42:47
300,kasangulu,-4.5911,15.1708,77.882,60,68,1.16,CD,2023-09-13 23:42:47
301,labrador city,52.9463,-66.9114,53.51,87,100,3.6,CA,2023-09-13 23:40:10
302,rio branco,-9.9747,-67.81,77.612,88,40,2.57,BR,2023-09-13 23:42:48
303,pokhara,28.2333,83.9833,71.94200000000001,87,80,1.96,NP,2023-09-13 23:42:48
304,bilohirsk,45.05,34.6,60.224,65,11,2.42,UA,2023-09-13 23:42:49
305,kyzylorda,44.8528,65.5092,44.618,65,0,3.0,KZ,2023-09-13 23:42:49
306,necochea,-38.5473,-58.7368,46.922,74,13,4.72,AR,2023-09-13 23:37:52
307,fortuna,40.5982,-124.1573,72.932,74,20,5.66,US,2023-09-13 23:42:49
308,lubny,50.0163,32.9969,58.37,39,38,4.56,UA,2023-09-13 23:42:50
309,naujoji akmene,56.3167,22.9,61.574,99,98,1.69,LT,2023-09-13 23:42:50
310,guiyang,26.5833,106.7167,63.086,82,75,3.0,CN,2023-09-13 23:42:50
311,mejit,10.2753,170.8646,83.03,78,16,6.49,MH,2023-09-13 23:42:51
312,tumayr,25.7039,45.868,85.69399999999999,14,24,1.02,SA,2023-09-13 23:42:51
313,severo-yeniseyskiy,60.3725,93.0408,42.404,73,98,0.59,RU,2023-09-13 23:42:51
314,ghat,24.9647,10.1728,82.05799999999999,19,0,1.26,LY,2023-09-13 23:42:52
315,chiang rai,19.9167,99.9167,75.182,100,75,1.54,TH,2023-09-13 23:42:52
316,kindu,-2.95,25.95,70.196,96,77,1.14,CD,2023-09-13 23:42:52
317,broken hill,-31.95,141.4333,73.976,22,63,7.4,AU,2023-09-13 23:42:53
318,rikaze,29.25,88.8833,51.368,37,0,1.48,CN,2023-09-13 23:42:53
319,suda,59.1525,37.5582,54.104,79,7,3.05,RU,2023-09-13 23:42:53
320,dryden,49.7833,-92.7503,61.088,48,0,4.12,CA,2023-09-13 23:42:54
321,nova sintra,14.8667,-24.7167,76.47800000000001,81,57,3.79,CV,2023-09-13 23:42:54
322,khandwa,21.8333,76.3333,74.048,90,94,3.22,IN,2023-09-13 23:42:54
323,daru,-9.0763,143.2092,80.078,69,44,6.01,PG,2023-09-13 23:42:55
324,aldinga beach,-35.2793,138.4604,77.252,42,100,7.02,AU,2023-09-13 23:42:55
325,papao,-17.75,-149.55,80.276,69,98,10.68,PF,2023-09-13 23:42:55
326,lethem,3.3803,-59.7968,87.35,42,83,1.79,GY,2023-09-13 23:42:55
327,illizi,26.4833,8.4667,82.202,17,0,5.74,DZ,2023-09-13 23:42:56
328,westford,42.5793,-71.4378,70.412,89,100,1.54,US,2023-09-13 23:40:33
329,seosan,36.7817,126.4522,70.97,84,90,5.17,KR,2023-09-13 23:42:56
330,puerto baquerizo moreno,-0.9,-89.6,74.89399999999999,87,92,5.96,EC,2023-09-13 23:42:57
331,sarangani,5.4033,125.4636,80.54599999999999,80,99,5.01,PH,2023-09-13 23:42:57
332,codrington,-38.2667,141.9667,66.218,57,100,6.37,AU,2023-09-13 23:42:57
333,kievka,50.2619,71.5514,48.326,84,88,3.19,KZ,2023-09-13 23:42:58
334,mankono,8.0586,-6.1897,71.50999999999999,98,88,1.77,CI,2023-09-13 23:42:58
335,margate,51.3813,1.3862,60.692,80,36,0.45,GB,2023-09-13 23:42:10
336,leninskoye,41.7589,69.3864,59.396,35,3,1.66,KZ,2023-09-13 23:42:59
337,juneau,58.3019,-134.4197,53.6,90,100,7.72,US,2023-09-13 23:42:59
338,north ward,-19.2454,146.8075,75.11,53,0,4.63,AU,2023-09-13 23:42:59
339,cascais,38.6979,-9.4215,73.508,66,4,9.83,PT,2023-09-13 23:43:00
340,al bayda',32.7627,21.7551,63.842,77,0,3.8,LY,2023-09-13 23:40:45
341,kalmunai,7.4167,81.8167,78.69200000000001,79,100,4.37,LK,2023-09-13 23:43:00
342,sao luiz gonzaga,-28.4083,-54.9608,49.298,95,100,6.33,BR,2023-09-13 23:43:01
343,forster,-32.1667,152.5167,69.386,59,7,1.67,AU,2023-09-13 23:43:01
344,lorengau,-2.0226,147.2712,82.724,79,64,4.7,PG,2023-09-13 23:43:01
345,monticello,45.3055,-93.7941,66.146,50,0,2.57,US,2023-09-13 23:43:02
346,revda,56.801,59.9303,48.074,93,94,0.84,RU,2023-09-13 23:43:02
347,ploneour-lanvern,47.9,-4.2833,55.724,88,0,2.06,FR,2023-09-13 23:43:02
348,peace river,56.2501,-117.286,59.306,62,75,3.6,CA,2023-09-13 23:39:40
349,obo,5.3998,26.4869,69.152,96,28,1.73,CF,2023-09-13 23:43:03
350,kerikeri,-35.2268,173.9474,65.912,69,54,1.34,NZ,2023-09-13 23:43:03
351,el calafate,-50.3408,-72.2768,35.33,91,99,0.87,AR,2023-09-13 23:43:04
352,kabare,-2.4683,28.8242,63.392,89,94,0.19,CD,2023-09-13 23:43:04
353,turochak,52.2576,87.1224,50.612,89,98,1.36,RU,2023-09-13 23:43:04
354,songea,-10.6833,35.65,63.068,74,45,1.3,TZ,2023-09-13 23:43:05
355,forked river,39.8398,-74.1901,79.142,83,27,3.26,US,2023-09-13 23:43:05
356,orenburg,51.7727,55.0988,48.218,72,59,1.89,RU,2023-09-13 23:43:05
357,el transito,13.35,-88.35,78.08,97,88,1.45,SV,2023-09-13 23:43:06
358,kalispell,48.1958,-114.3129,73.436,40,20,3.6,US,2023-09-13 23:39:40
359,lagos de moreno,21.35,-101.9167,81.248,20,1,2.42,MX,2023-09-13 23:43:07
360,tindouf,27.6711,-8.1474,84.65,26,0,4.12,DZ,2023-09-13 23:43:07
361,hakkari,37.5833,44.1667,51.584,76,40,2.57,TR,2023-09-13 23:43:07
362,itauna,-20.0753,-44.5764,72.30199999999999,42,0,1.4,BR,2023-09-13 23:43:08
363,egilsstadir,65.2653,-14.3948,37.31,81,0,2.57,IS,2023-09-13 23:43:08
364,fruitland,38.3221,-75.6202,78.854,73,0,2.57,US,2023-09-13 23:43:08
365,saint-paul,-21.0096,55.2707,69.89,85,30,1.79,RE,2023-09-13 23:43:08
366,sarandi del yi,-33.35,-55.6333,44.798,82,100,1.56,UY,2023-09-13 23:43:09
367,bardai,11.65,7.2333,73.166,86,67,3.01,NG,2023-09-13 23:43:09
368,siwa oasis,29.2041,25.5195,78.998,50,0,4.57,EG,2023-09-13 23:43:10
369,grande prairie,55.1667,-118.8027,60.98,36,75,8.75,CA,2023-09-13 23:43:10
370,aydincik,36.1437,33.3202,73.13,23,0,6.84,TR,2023-09-13 23:43:10
371,chegdomyn,51.1167,133.0167,47.66,74,54,0.87,RU,2023-09-13 23:43:10
372,prince rupert,54.3161,-130.3201,60.89,73,75,3.6,CA,2023-09-13 23:43:11
373,nizhneangarsk,55.7833,109.55,51.494,75,94,1.6,RU,2023-09-13 23:43:11
374,gorey,52.6747,-6.2925,60.476,96,100,4.01,IE,2023-09-13 23:43:11
375,suva,-18.1416,178.4415,80.078,78,75,4.63,FJ,2023-09-13 23:43:12
376,cabedelo,-6.9811,-34.8339,75.866,85,46,6.09,BR,2023-09-13 23:43:12
377,saldanha,-33.0117,17.9442,53.654,78,68,5.83,ZA,2023-09-13 23:43:12
378,west end,26.6833,-78.9667,84.18199999999999,72,0,6.24,BS,2023-09-13 23:43:13
379,havre,49.5833,0.3333,58.766,94,0,2.57,FR,2023-09-13 23:43:13
380,gislaved,57.3044,13.5408,48.11,77,20,1.68,SE,2023-09-13 23:43:13
381,kirakira,-10.4544,161.9205,79.178,77,98,2.3,SB,2023-09-13 23:43:14
382,tralee,52.2704,-9.7026,57.668,96,100,2.05,IE,2023-09-13 23:43:14
383,alakurtti,66.9672,30.3491,44.294,96,79,1.74,RU,2023-09-13 23:43:14
384,callao,-12.0667,-77.15,66.722,77,100,8.75,PE,2023-09-13 23:43:15
385,rameswaram,9.2833,79.3,81.986,82,100,10.31,IN,2023-09-13 23:43:15
386,la sarre,48.8002,-79.1996,45.644,97,100,4.81,CA,2023-09-13 23:40:53
387,manavalakurichi,8.1333,77.3,75.956,91,100,2.33,IN,2023-09-13 23:43:16
388,gavarr,40.354,45.1239,44.708,93,90,2.04,AM,2023-09-13 23:43:16
389,maragogi,-9.0122,-35.2225,74.876,88,4,5.32,BR,2023-09-13 23:40:55
390,adler,43.43,39.92,59.18,82,0,5.0,RU,2023-09-13 23:43:17
391,laurel,39.0993,-76.8483,79.376,74,40,2.06,US,2023-09-13 23:38:33
392,colonia,50.9333,6.95,60.854,86,20,1.54,DE,2023-09-13 23:40:11
393,shahrak,34.1074,64.3052,50.918,41,0,2.45,AF,2023-09-13 23:43:17
394,cuatro cienegas de carranza,26.9833,-102.0833,93.02,33,5,4.88,MX,2023-09-13 23:43:18
395,lagunas,-5.2269,-75.6753,82.886,62,54,1.44,PE,2023-09-13 23:43:18
396,perbaungan,3.5679,98.956,77.108,88,88,1.84,ID,2023-09-13 23:43:19
397,igarka,67.4667,86.5833,53.546,83,100,6.58,RU,2023-09-13 23:43:19
398,shorewood,41.52,-88.2017,65.822,69,40,3.6,US,2023-09-13 23:43:19
399,sola,-13.8833,167.55,79.46600000000001,78,100,1.54,VU,2023-09-13 23:43:20
400,sandakan,5.8402,118.1179,76.676,100,40,0.0,MY,2023-09-13 23:43:20
401,crane,31.3974,-102.3501,83.588,46,48,2.04,US,2023-09-13 23:43:20
402,gulbene,57.1777,26.7529,61.952,75,39,3.84,LV,2023-09-13 23:43:21
403,kaoma,-14.7833,24.8,64.79599999999999,65,0,4.1,ZM,2023-09-13 23:43:21
404,enriquillo,17.9,-71.2333,83.876,85,93,2.49,DO,2023-09-13 23:43:21
405,afonso bezerra,-5.4983,-36.5056,77.72,69,35,8.76,BR,2023-09-13 23:43:21
406,columbia city,41.1573,-85.4883,66.002,65,69,3.57,US,2023-09-13 23:43:22
407,attapeu,14.8,106.8333,73.994,100,100,0.79,LA,2023-09-13 23:43:22
408,chefchaouene,35.1688,-5.2636,63.968,73,0,1.65,MA,2023-09-13 23:43:23
409,portland,45.5234,-122.6762,82.67,49,40,5.14,US,2023-09-13 23:37:10
410,yigo village,13.5361,144.8886,86.288,77,20,3.09,GU,2023-09-13 23:43:23
411,mhamid,29.82,-5.72,84.938,31,49,2.37,MA,2023-09-13 23:43:24
412,bangar,16.8936,120.4243,81.824,78,100,4.0,PH,2023-09-13 23:43:24
413,anshun,26.25,105.9333,62.402,91,100,1.96,CN,2023-09-13 23:43:24
414,lommatzsch,51.2,13.3,63.716,91,92,5.02,DE,2023-09-13 23:43:25
415,saipan,15.1355,145.701,86.702,79,40,2.57,MP,2023-09-13 23:43:25
416,freetown,8.484,-13.2299,77.666,88,100,2.62,SL,2023-09-13 23:43:26
417,pudozh,61.8099,36.5345,57.416,79,53,4.3,RU,2023-09-13 23:43:26
418,cabinda,-5.55,12.2,75.344,94,0,3.09,AO,2023-09-13 23:43:26
419,la'ie,21.6477,-157.9253,87.764,75,73,3.58,US,2023-09-13 23:43:27
420,naze,28.3667,129.4833,81.518,78,24,3.84,JP,2023-09-13 23:43:27
421,markovo,57.3206,107.0881,44.618,84,89,1.17,RU,2023-09-13 23:43:27
422,al bardiyah,31.7561,25.0865,74.498,65,0,4.46,LY,2023-09-13 23:43:28
423,luang prabang,19.8856,102.1347,73.742,100,98,0.31,LA,2023-09-13 23:43:28
424,yuzhno-kurilsk,44.0306,145.8556,61.592,90,100,5.39,RU,2023-09-13 23:43:28
425,dara,15.3484,-15.4799,84.164,78,53,4.28,SN,2023-09-13 23:43:29
426,melekeok village,7.4957,134.6367,84.758,79,75,3.09,PW,2023-09-13 23:43:29
427,goonellabah,-28.8167,153.3167,65.822,68,10,1.72,AU,2023-09-13 23:43:29
428,zhalantun,48.0,122.7167,56.516,64,17,2.38,CN,2023-09-13 23:43:30
429,cannonvale,-20.2833,148.7,72.788,44,39,5.97,AU,2023-09-13 23:43:30
430,voi,-3.3945,38.563,69.476,66,1,3.66,KE,2023-09-13 23:43:30
431,talodi,10.6325,30.3797,76.226,68,42,1.04,SD,2023-09-13 23:43:31
432,omu-aran,8.1333,5.1,69.602,98,51,2.68,NG,2023-09-13 23:43:31
433,howard springs,-12.497,131.047,80.87,56,9,4.79,AU,2023-09-13 23:43:31
434,vorgashor,67.5833,63.95,48.02,84,93,6.79,RU,2023-09-13 23:43:32
435,kangasala,61.4638,24.076,55.022,88,100,3.31,FI,2023-09-13 23:43:32
436,caleta de carquin,-11.0925,-77.6267,64.076,88,56,8.71,PE,2023-09-13 23:43:32
437,diego de almagro,-26.3667,-70.05,60.35,32,13,1.22,CL,2023-09-13 23:43:33
438,mora,11.0461,14.1401,71.852,87,100,4.04,CM,2023-09-13 23:43:33
439,shalqar,47.8333,59.6,57.434,64,30,1.52,KZ,2023-09-13 23:43:34
440,cristalina,-16.7686,-47.6136,72.28399999999999,34,3,1.99,BR,2023-09-13 23:43:34
441,pukchil-lodongjagu,40.2019,125.7483,68.95400000000001,84,25,1.02,KP,2023-09-13 23:43:34
442,casteljaloux,44.3176,0.0861,64.31,89,8,2.61,FR,2023-09-13 23:43:35
443,yaiza,28.9633,-13.7631,73.166,69,20,4.63,ES,2023-09-13 23:43:35
444,huizhou,23.0833,114.4,78.008,95,100,0.78,CN,2023-09-13 23:43:35
445,balabac,7.9868,117.0645,79.97,82,100,4.54,PH,2023-09-13 23:43:36
446,ust'-kulom,61.6864,53.6902,47.282,94,8,1.54,RU,2023-09-13 23:43:36
447,antsiranana,-12.2787,49.2917,71.312,79,6,5.61,MG,2023-09-13 23:43:36
448,lehigh acres,26.6254,-81.6248,89.6,74,0,3.6,US,2023-09-13 23:43:36
449,goris,41.9842,44.1158,52.772,91,7,1.4,GE,2023-09-13 23:43:37
450,tapes,-30.6733,-51.3958,55.85,96,100,3.56,BR,2023-09-13 23:43:37
451,bady bassitt,-20.9181,-49.4453,82.598,47,0,10.29,BR,2023-09-13 23:43:37
452,nahiyat ash shinafiyah,31.5874,44.6602,88.88000000000001,23,1,6.72,IQ,2023-09-13 23:43:38
453,samtse,26.899,89.0995,75.2,86,9,1.94,BT,2023-09-13 23:43:39
454,nizhnesortymskiy,62.4397,71.7603,52.376,81,51,3.58,RU,2023-09-13 23:43:39
455,borogontsy,62.6683,131.1683,45.482,73,95,2.04,RU,2023-09-13 23:43:39
456,kruisfontein,-34.0033,24.7314,54.824,79,28,12.29,ZA,2023-09-13 23:43:40
457,andorra,42.5,1.5,60.764,88,88,0.72,AD,2023-09-13 23:43:40
458,haparanda,65.8355,24.1368,33.854,96,6,2.91,SE,2023-09-13 23:43:40
459,panadura,6.7132,79.9026,77.234,86,88,2.78,LK,2023-09-13 23:43:41
460,sodra sandby,56.5667,16.6167,57.884,3,85,6.58,SE,2023-09-13 23:43:41
461,mazamari,-11.3258,-74.5308,70.196,92,77,2.77,PE,2023-09-13 23:43:41
462,san felipe,10.3399,-68.7425,81.662,65,44,2.52,VE,2023-09-13 23:43:42
463,entebbe,0.0644,32.4469,71.924,94,20,9.26,UG,2023-09-13 23:43:42
464,juan griego,11.0817,-63.9655,89.726,62,99,4.63,VE,2023-09-13 23:43:42
465,haiku-pauwela,20.9219,-156.3051,87.81800000000001,59,40,9.26,US,2023-09-13 23:43:43
466,kavaratti,10.5669,72.642,81.392,80,100,6.82,IN,2023-09-13 23:43:43
467,tazovsky,67.4667,78.7,47.03,83,73,4.71,RU,2023-09-13 23:43:43
468,jhunjhunun,28.1307,75.4014,83.336,60,92,3.02,IN,2023-09-13 23:43:44
469,kangding,30.0513,101.9603,55.328,85,10,1.81,CN,2023-09-13 23:43:44
470,mahina,-17.5065,-149.489,80.366,61,75,4.12,PF,2023-09-13 23:43:44
471,pristen',51.2355,36.6959,48.074,78,39,2.4,RU,2023-09-13 23:43:45
472,grand forks,47.9417,-97.4337,73.13,36,0,6.17,US,2023-09-13 23:39:32
473,wotho,10.1657,166.0102,83.264,77,32,5.33,MH,2023-09-13 23:43:45
474,chandler,33.3062,-111.8412,98.798,33,20,4.63,US,2023-09-13 23:41:15
475,castillos,-34.1667,-53.8333,47.408,95,100,5.46,UY,2023-09-13 23:43:46
476,al wajh,26.2455,36.4525,84.146,79,0,5.14,SA,2023-09-13 23:43:46
477,marshall,34.3834,-86.3333,80.906,62,40,2.06,US,2023-09-13 23:41:50
478,ta`u,-14.2336,-169.5144,80.492,78,15,6.34,AS,2023-09-13 23:43:47
479,kamina,-8.7386,24.9906,67.78399999999999,75,56,0.68,CD,2023-09-13 23:43:47
480,bojnurd,37.4747,57.329,58.946000000000005,72,0,2.06,IR,2023-09-13 23:43:48
481,fort bragg,35.139,-79.006,80.33,80,100,2.06,US,2023-09-13 23:42:20
482,shenjiamen,29.9576,122.298,76.55,87,100,4.93,CN,2023-09-13 23:43:48
483,laela,-8.5667,32.05,61.934,71,6,2.25,TZ,2023-09-13 23:43:49
484,sabzevar,36.2126,57.6819,69.62,30,0,3.95,IR,2023-09-13 23:43:49
485,kulhudhuffushi,6.6221,73.07,82.256,77,100,5.23,MV,2023-09-13 23:43:49
486,luganville,-15.5333,167.1667,75.65,86,100,4.38,VU,2023-09-13 23:43:50
487,mazatlan,23.2167,-106.4167,91.904,73,20,2.06,MX,2023-09-13 23:40:57
488,sur,22.5667,59.5289,87.476,66,1,2.39,OM,2023-09-13 23:43:50
489,djambala,-2.5447,14.7533,76.352,61,67,1.96,CG,2023-09-13 23:43:51
490,dunedin,-45.8742,170.5036,60.08,38,71,4.78,NZ,2023-09-13 23:43:51
491,powell,40.1578,-83.0752,69.8,65,100,2.57,US,2023-09-13 23:43:51
492,panchagarh,26.3313,88.562,79.25,91,28,3.04,BD,2023-09-13 23:40:05
493,shohimardon,39.9839,71.8028,54.374,50,0,1.06,UZ,2023-09-13 23:43:52
494,copiapo,-27.3667,-70.3333,55.094,36,20,0.59,CL,2023-09-13 23:43:52
495,tsengel,49.4783,100.8894,50.468,85,100,2.47,MN,2023-09-13 23:43:52
496,nelson bay,-32.7167,152.15,65.102,76,4,2.24,AU,2023-09-13 23:43:53
497,kabalo,-6.05,26.9167,73.364,77,100,0.99,CD,2023-09-13 23:43:53
498,nagqu,31.5,92.0,32.504,70,4,0.85,CN,2023-09-13 23:43:53
499,tadine,-21.55,167.8833,72.23,68,100,9.58,NC,2023-09-13 23:43:54
500,jensen beach,27.2545,-80.2298,86.09,75,40,4.12,US,2023-09-13 23:43:19
501,mikuni,36.2171,136.1519,82.31,76,100,4.99,JP,2023-09-13 23:43:55
502,tondi,9.7333,79.0167,81.35600000000001,72,100,5.82,IN,2023-09-13 23:43:55
503,timimoun,29.2639,0.231,88.178,25,94,8.23,DZ,2023-09-13 23:41:05
504,qaisumah,28.3112,46.1273,91.364,17,0,2.06,SA,2023-09-13 23:43:56
505,bomdila,27.25,92.4,57.02,92,4,2.04,IN,2023-09-13 23:43:56
506,san pedro pochutla,15.7333,-96.4667,89.312,76,48,2.44,MX,2023-09-13 23:43:56
507,sao vicente,-23.9631,-46.3919,95.18,30,5,4.0,BR,2023-09-13 23:43:57
508,ende,-8.8432,121.6623,82.13,58,50,0.34,ID,2023-09-13 23:43:57
509,pionerskiy,54.9508,20.2275,66.038,93,90,9.27,RU,2023-09-13 23:43:57
510,xichang,27.8964,102.2634,61.97,91,40,0.3,CN,2023-09-13 23:43:57
511,madalena,41.2162,-8.3345,71.456,80,6,1.59,PT,2023-09-13 23:43:58
512,mata-utu,-13.2816,-176.1745,81.77,79,35,7.41,WF,2023-09-13 23:43:58
513,machico,32.7,-16.7667,73.13,83,75,4.12,PT,2023-09-13 23:43:58
514,loa janan,-0.583,117.095,77.684,87,94,1.52,ID,2023-09-13 23:43:59
515,miyaly,48.8844,53.7836,61.196,58,59,2.19,KZ,2023-09-13 23:43:59
516,verkhnevilyuysk,63.4453,120.3167,35.42,97,100,4.28,RU,2023-09-13 23:43:59
517,brandon,27.9378,-82.2859,89.834,66,0,3.6,US,2023-09-13 23:44:00
518,qionghu,28.843,112.3522,69.404,95,100,3.59,CN,2023-09-13 23:44:00
519,alice springs,-23.7,133.8833,74.75,17,0,5.14,AU,2023-09-13 23:44:00
520,port blair,11.6667,92.75,78.836,89,100,6.69,IN,2023-09-13 23:44:00
521,island harbour,50.724,-1.2758,56.984,93,64,2.08,GB,2023-09-13 23:44:01
522,basco,20.4487,121.9702,81.69800000000001,75,34,2.2,PH,2023-09-13 23:44:01
523,posto fiscal rolim de moura,-13.0833,-62.2667,76.69399999999999,80,87,1.24,BR,2023-09-13 23:44:01
524,santo antonio do ica,-3.1022,-67.9397,78.872,79,81,0.37,BR,2023-09-13 23:44:02
525,coron,11.9986,120.2043,80.636,84,100,3.13,PH,2023-09-13 23:44:02
526,st. john's,47.5649,-52.7093,60.98,96,100,3.09,CA,2023-09-13 23:44:02
527,astara,38.5,48.6667,60.782,88,78,0.54,AZ,2023-09-13 23:44:03
528,turinsk,58.0458,63.696,48.11,90,19,1.48,RU,2023-09-13 23:44:03
529,vineland,39.4862,-75.0257,78.746,80,0,0.0,US,2023-09-13 23:44:04
530,kholmsk,47.0511,142.0569,63.842,55,100,0.43,RU,2023-09-13 23:44:04
531,lodja,-3.4833,23.4333,70.538,99,92,1.7,CD,2023-09-13 23:44:04
532,bac lieu,9.285,105.7244,78.458,88,100,2.19,VN,2023-09-13 23:44:05
533,pisco,-13.7,-76.2167,66.254,77,17,9.26,PE,2023-09-13 23:43:24
534,lawas,13.764,121.0566,81.986,83,100,0.3,PH,2023-09-13 23:44:05
535,jetpur,21.7333,70.6167,75.758,95,75,2.57,IN,2023-09-13 23:44:05
536,nuuk,64.1835,-51.7216,43.412,87,100,23.15,GL,2023-09-13 23:40:53
537,orimattila,60.8049,25.7296,55.31,96,100,4.96,FI,2023-09-13 23:44:06
538,beloyarskiy,63.7119,66.6722,51.008,71,47,2.24,RU,2023-09-13 23:44:06
539,sainte-anne-des-monts,49.124,-66.4924,58.874,100,100,3.09,CA,2023-09-13 23:44:07
540,al jawf,29.5,38.75,74.786,57,0,4.53,SA,2023-09-13 23:44:07
541,tolanaro,-25.0319,46.9987,69.872,88,75,5.14,MG,2023-09-13 23:44:07
542,lingdong,46.5669,131.1453,64.13,64,1,2.3,CN,2023-09-13 23:44:08
543,alva,56.1528,-3.8051,55.418,96,100,0.89,GB,2023-09-13 23:44:08
544,vilhena,-12.7406,-60.1458,70.016,94,40,10.8,BR,2023-09-13 23:44:08
545,klaksvik,62.2266,-6.589,50.918,78,100,11.17,FO,2023-09-13 23:44:09
546,emerald,-23.5333,148.1667,71.816,45,0,3.8,AU,2023-09-13 23:44:09
547,es castell,39.8795,4.2854,74.084,94,40,3.6,ES,2023-09-13 23:44:10
548,hobyo,5.3505,48.5268,77.072,85,30,10.35,SO,2023-09-13 23:44:10
549,meadow lake,34.8014,-106.5436,72.30199999999999,72,100,1.6,US,2023-09-13 23:44:10
550,arkhangel'sk,64.5401,40.5433,59.95399999999999,75,99,4.43,RU,2023-09-13 23:44:11
551,ouesso,1.6136,16.0517,72.68,91,92,0.69,CG,2023-09-13 23:44:11
552,kone,-21.0595,164.8658,68.234,84,100,1.44,NC,2023-09-13 23:44:11
553,puerto colombia,10.9878,-74.9547,86.09,81,44,6.5,CO,2023-09-13 23:44:12
554,kiunga,-6.1219,141.2906,78.908,75,89,2.79,PG,2023-09-13 23:44:12
555,port moresby,-9.4431,147.1797,82.148,60,84,5.66,PG,2023-09-13 23:42:05
556,matca,45.85,27.5333,64.274,64,43,4.78,RO,2023-09-13 23:44:13
557,as sulayyil,20.4607,45.5779,89.852,15,6,0.5,SA,2023-09-13 23:44:13
558,betul,21.9153,77.8961,69.71,97,100,2.42,IN,2023-09-13 23:44:13
559,shimoda,34.6667,138.95,84.11,74,63,1.54,JP,2023-09-13 23:44:14
560,sisimiut,66.9395,-53.6735,40.334,95,100,12.25,GL,2023-09-13 23:44:14
561,manay,7.215,126.5397,81.572,79,100,0.56,PH,2023-09-13 23:44:14
